{
    "swagger": "2.0",
    "info": {
        "version": "2018-05-24T17:52:00Z",
        "title": "h2AuxCalculatorApi"
    },
    "host": "${Token[Fn::Join.690]}",
    "basePath": "<unresolved-token>",
    "schemes": [
        "https"
    ],
    "paths": {
        "/calculator": {
            "options": {
                "consumes": [
                    "application/json"
                ],
                "produces": [
                    "application/json"
                ],
                "responses": {
                    "200": {
                        "description": "200 response",
                        "headers": {
                            "Access-Control-Allow-Origin": {
                                "type": "string"
                            },
                            "Access-Control-Allow-Methods": {
                                "type": "string"
                            },
                            "Access-Control-Allow-Headers": {
                                "type": "string"
                            }
                        }
                    }
                },
                "x-amazon-apigateway-integration": {
                    "responses": {
                        "default": {
                            "statusCode": "200",
                            "responseParameters": {
                                "method.response.header.Access-Control-Allow-Methods": "'DELETE,GET,HEAD,OPTIONS,PATCH,POST,PUT'",
                                "method.response.header.Access-Control-Allow-Headers": "'Content-Type,X-Amz-Date,Authorization,X-Api-Key,X-Amz-Security-Token,X-Amz-User-Agent'",
                                "method.response.header.Access-Control-Allow-Origin": "'*'"
                            }
                        }
                    },
                    "requestTemplates": {
                        "application/json": "{\"statusCode\": 200}"
                    },
                    "passthroughBehavior": "when_no_match",
                    "type": "mock"
                }
            },
            "get": {
                "consumes": [
                    "application/json"
                ],
                "produces": [
                    "application/json"
                ],
                "parameters": [
                    {
                        "in": "body",
                        "name": "RequestSchema",
                        "required": false,
                        "schema": {
                            "$ref": "#/definitions/RequestSchema"
                        }
                    }
                ],
                "responses": {
                    "200": {
                        "description": "200 response",
                        "schema": {
                            "$ref": "#/definitions/ResponseSchema"
                        }
                    }
                },
                "x-amazon-apigateway-integration": {
                    "responses": {
                        "default": {
                            "statusCode": "200"
                        }
                    },
                    "uri": "ARNSUBLAMBDA",
                    "passthroughBehavior": "when_no_match",
                    "httpMethod": "POST",
                    "type": "aws_proxy"
                }
            }
        },
        "/calculator/calculate": {
            "options": {
                "consumes": [
                    "application/json"
                ],
                "produces": [
                    "application/json"
                ],
                "responses": {
                    "200": {
                        "description": "200 response",
                        "headers": {
                            "Access-Control-Allow-Origin": {
                                "type": "string"
                            },
                            "Access-Control-Allow-Methods": {
                                "type": "string"
                            },
                            "Access-Control-Allow-Headers": {
                                "type": "string"
                            }
                        }
                    }
                },
                "x-amazon-apigateway-integration": {
                    "responses": {
                        "default": {
                            "statusCode": "200",
                            "responseParameters": {
                                "method.response.header.Access-Control-Allow-Methods": "'DELETE,GET,HEAD,OPTIONS,PATCH,POST,PUT'",
                                "method.response.header.Access-Control-Allow-Headers": "'Content-Type,X-Amz-Date,Authorization,X-Api-Key,X-Amz-Security-Token,X-Amz-User-Agent'",
                                "method.response.header.Access-Control-Allow-Origin": "'*'"
                            }
                        }
                    },
                    "requestTemplates": {
                        "application/json": "{\"statusCode\": 200}"
                    },
                    "passthroughBehavior": "when_no_match",
                    "type": "mock"
                }
            },
            "post": {
                "consumes": [
                    "application/json"
                ],
                "produces": [
                    "application/json"
                ],
                "parameters": [
                    {
                        "in": "body",
                        "name": "RequestSchema",
                        "required": false,
                        "schema": {
                            "$ref": "#/definitions/RequestSchema"
                        }
                    }
                ],
                "responses": {
                    "200": {
                        "description": "200 response",
                        "schema": {
                            "$ref": "#/definitions/ResponseSchema"
                        }
                    }
                },
                "x-amazon-apigateway-integration": {
                    "responses": {
                        "default": {
                            "statusCode": "200"
                        }
                    },
                    "uri": "ARNSUBLAMBDA",
                    "passthroughBehavior": "when_no_match",
                    "httpMethod": "POST",
                    "type": "aws_proxy"
                }
            }
        },
        "/calculator/result/{id}": {
            "options": {
                "consumes": [
                    "application/json"
                ],
                "produces": [
                    "application/json"
                ],
                "responses": {
                    "200": {
                        "description": "200 response",
                        "headers": {
                            "Access-Control-Allow-Origin": {
                                "type": "string"
                            },
                            "Access-Control-Allow-Methods": {
                                "type": "string"
                            },
                            "Access-Control-Allow-Headers": {
                                "type": "string"
                            }
                        }
                    }
                },
                "x-amazon-apigateway-integration": {
                    "responses": {
                        "default": {
                            "statusCode": "200",
                            "responseParameters": {
                                "method.response.header.Access-Control-Allow-Methods": "'DELETE,GET,HEAD,OPTIONS,PATCH,POST,PUT'",
                                "method.response.header.Access-Control-Allow-Headers": "'Content-Type,X-Amz-Date,Authorization,X-Api-Key,X-Amz-Security-Token,X-Amz-User-Agent'",
                                "method.response.header.Access-Control-Allow-Origin": "'*'"
                            }
                        }
                    },
                    "requestTemplates": {
                        "application/json": "{\"statusCode\": 200}"
                    },
                    "passthroughBehavior": "when_no_match",
                    "type": "mock"
                }
            },
            "get": {
                "consumes": [
                    "application/json"
                ],
                "produces": [
                    "application/json"
                ],
                "parameters": [
                    {
                        "in": "body",
                        "name": "RequestSchema",
                        "required": false,
                        "schema": {
                            "$ref": "#/definitions/RequestSchema"
                        }
                    }
                ],
                "responses": {
                    "200": {
                        "description": "200 response",
                        "schema": {
                            "$ref": "#/definitions/ResponseSchema"
                        }
                    }
                },
                "x-amazon-apigateway-integration": {
                    "responses": {
                        "default": {
                            "statusCode": "200"
                        }
                    },
                    "uri": "ARNSUBLAMBDA",
                    "passthroughBehavior": "when_no_match",
                    "httpMethod": "POST",
                    "type": "aws_proxy"
                }
            }
        }
    },
    "securityDefinitions": {
        "sigv4": {
            "type": "apiKey",
            "name": "Authorization",
            "in": "header",
            "x-amazon-apigateway-authtype": "awsSigv4"
        }
    },
    "definitions": {
        "Pressure": {
            "type": "object",
            "properties": {
                "value": {
                    "type": "number"
                },
                "unit": {
                    "type": "string",
                    "enum": [
                        "BAR",
                        "PSI"
                    ]
                }
            }
        },
        "Mass": {
            "type": "object",
            "properties": {
                "value": {
                    "type": "number"
                },
                "unit": {
                    "type": "string",
                    "enum": [
                        "KG"
                    ]
                }
            }
        },
        "DispenssingRate": {
            "type": "object",
            "properties": {
                "value": {
                    "type": "number"
                },
                "unit": {
                    "type": "string",
                    "enum": [
                        "KG_PER_HOUR",
                        "VEHICLES_PER_HOUR",
                        "VEHICLES_PER_DAY",
                        "KG_PER_YEAR"
                    ]
                }
            }
        },
        "RequestSchema": {
            "type": "object",
            "required": [
                "hydrogen_inlet_pressure"
            ],
            "properties": {
                "hydrogen_inlet_pressure": {
                    "$ref": "#/definitions/Pressure"
                },
                "dispensing_type": {
                    "type": "string",
                    "enum": [
                        "TUBETRAILER",
                        "VEHICLE"
                    ]
                },
                "energy_price_per_mwh": {
                    "type": "number"
                },
                "is_storage_required": {
                    "type": "boolean"
                },
                "storage_mass": {
                    "$ref": "#/definitions/Mass"
                },
                "storage_pressure": {
                    "$ref": "#/definitions/Pressure"
                },
                "dispensing_pressure": {
                    "$ref": "#/definitions/Pressure"
                },
                "dispensing_mass": {
                    "$ref": "#/definitions/DispenssingRate"
                },
                "avg_hydrogen_dispensing_rate": {
                    "$ref": "#/definitions/DispenssingRate"
                },
                "peak_hydrogen_dispensing_rate": {
                    "$ref": "#/definitions/DispenssingRate"
                },
                "lifetime_years": {
                    "type": "number"
                },
                "wacc": {
                    "type": "number"
                },
                "is_precooling_used": {
                    "type": "boolean"
                },
                "vehicle_type": {
                    "type": "string",
                    "enum": [
                        "TUBETRAILER",
                        "CAR",
                        "HDV",
                        "CUSTOM"
                    ]
                }
            },
            "title": "Request Schema"
        },
        "ResponseSchema": {
            "type": "object",
            "properties": {
                "calculation_id": {
                    "type": "string"
                },
                "dispensers": {
                    "type": "array",
                    "items": {
                        "type": "object",
                        "properties": {
                            "id": {
                                "type": "string"
                            },
                            "meta": {
                                "type": "object",
                                "properties": {
                                    "title": {
                                        "type": "string"
                                    },
                                    "description": {
                                        "type": "string"
                                    },
                                    "positives": {
                                        "type": "array",
                                        "items": {
                                            "type": "string"
                                        }
                                    },
                                    "negatives": {
                                        "type": "array",
                                        "items": {
                                            "type": "string"
                                        }
                                    }
                                }
                            },
                            "results": {
                                "type": "object",
                                "properties": {
                                    "equipment": {
                                        "type": "object",
                                        "properties": {
                                            "min": {
                                                "type": "number"
                                            },
                                            "max": {
                                                "type": "number"
                                            }
                                        }
                                    },
                                    "equipment_lcoh": {
                                        "type": "object",
                                        "properties": {
                                            "min": {
                                                "type": "number"
                                            },
                                            "max": {
                                                "type": "number"
                                            }
                                        }
                                    },
                                    "maintenance": {
                                        "type": "object",
                                        "properties": {
                                            "min": {
                                                "type": "number"
                                            },
                                            "max": {
                                                "type": "number"
                                            }
                                        }
                                    },
                                    "maintenance_lcoh": {
                                        "type": "object",
                                        "properties": {
                                            "min": {
                                                "type": "number"
                                            },
                                            "max": {
                                                "type": "number"
                                            }
                                        }
                                    },
                                    "installation": {
                                        "type": "object",
                                        "properties": {
                                            "min": {
                                                "type": "number"
                                            },
                                            "max": {
                                                "type": "number"
                                            }
                                        }
                                    },
                                    "installation_lcoh": {
                                        "type": "object",
                                        "properties": {
                                            "min": {
                                                "type": "number"
                                            },
                                            "max": {
                                                "type": "number"
                                            }
                                        }
                                    },
                                    "energy": {
                                        "type": "object",
                                        "properties": {
                                            "min": {
                                                "type": "number"
                                            },
                                            "max": {
                                                "type": "number"
                                            }
                                        }
                                    },
                                    "energy_lcoh": {
                                        "type": "object",
                                        "properties": {
                                            "min": {
                                                "type": "number"
                                            },
                                            "max": {
                                                "type": "number"
                                            }
                                        }
                                    },
                                    "sum_capex": {
                                        "type": "object",
                                        "properties": {
                                            "min": {
                                                "type": "number"
                                            },
                                            "max": {
                                                "type": "number"
                                            }
                                        }
                                    },
                                    "sum_opex": {
                                        "type": "object",
                                        "properties": {
                                            "min": {
                                                "type": "number"
                                            },
                                            "max": {
                                                "type": "number"
                                            }
                                        }
                                    },
                                    "sum_lcoh": {
                                        "type": "object",
                                        "properties": {
                                            "min": {
                                                "type": "number"
                                            },
                                            "max": {
                                                "type": "number"
                                            }
                                        }
                                    }
                                }
                            }
                        }
                    }
                },
                "compressors": {
                    "type": "array",
                    "items": {
                        "type": "object",
                        "properties": {
                            "id": {
                                "type": "string"
                            },
                            "meta": {
                                "type": "object",
                                "properties": {
                                    "title": {
                                        "type": "string"
                                    },
                                    "description": {
                                        "type": "string"
                                    },
                                    "positives": {
                                        "type": "array",
                                        "items": {
                                            "type": "string"
                                        }
                                    },
                                    "negatives": {
                                        "type": "array",
                                        "items": {
                                            "type": "string"
                                        }
                                    }
                                }
                            },
                            "power": {
                                "type": "number"
                            },
                            "cooling_energy": {
                                "type": "number"
                            },
                            "compression_energy": {
                                "type": "number"
                            },
                            "equipment": {
                                "type": "object",
                                "properties": {
                                    "min": {
                                        "type": "number"
                                    },
                                    "max": {
                                        "type": "number"
                                    }
                                }
                            },
                            "equipment_lcoh": {
                                "type": "object",
                                "properties": {
                                    "min": {
                                        "type": "number"
                                    },
                                    "max": {
                                        "type": "number"
                                    }
                                }
                            },
                            "installation": {
                                "type": "object",
                                "properties": {
                                    "min": {
                                        "type": "number"
                                    },
                                    "max": {
                                        "type": "number"
                                    }
                                }
                            },
                            "installation_lcoh": {
                                "type": "object",
                                "properties": {
                                    "min": {
                                        "type": "number"
                                    },
                                    "max": {
                                        "type": "number"
                                    }
                                }
                            },
                            "maintenance": {
                                "type": "object",
                                "properties": {
                                    "min": {
                                        "type": "number"
                                    },
                                    "max": {
                                        "type": "number"
                                    }
                                }
                            },
                            "maintenance_lcoh": {
                                "type": "object",
                                "properties": {
                                    "min": {
                                        "type": "number"
                                    },
                                    "max": {
                                        "type": "number"
                                    }
                                }
                            },
                            "energy": {
                                "type": "object",
                                "properties": {
                                    "min": {
                                        "type": "number"
                                    },
                                    "max": {
                                        "type": "number"
                                    }
                                }
                            },
                            "energy_lcoh": {
                                "type": "object",
                                "properties": {
                                    "min": {
                                        "type": "number"
                                    },
                                    "max": {
                                        "type": "number"
                                    }
                                }
                            },
                            "sum_capex": {
                                "type": "object",
                                "properties": {
                                    "min": {
                                        "type": "number"
                                    },
                                    "max": {
                                        "type": "number"
                                    }
                                }
                            },
                            "sum_opex": {
                                "type": "object",
                                "properties": {
                                    "min": {
                                        "type": "number"
                                    },
                                    "max": {
                                        "type": "number"
                                    }
                                }
                            },
                            "sum_lcoh": {
                                "type": "object",
                                "properties": {
                                    "min": {
                                        "type": "number"
                                    },
                                    "max": {
                                        "type": "number"
                                    }
                                }
                            }
                        }
                    }
                },
                "storage": {
                    "type": "array",
                    "items": {
                        "type": "object",
                        "properties": {
                            "id": {
                                "type": "string"
                            },
                            "meta": {
                                "type": "object",
                                "properties": {
                                    "title": {
                                        "type": "string"
                                    },
                                    "description": {
                                        "type": "string"
                                    },
                                    "positives": {
                                        "type": "array",
                                        "items": {
                                            "type": "string"
                                        }
                                    },
                                    "negatives": {
                                        "type": "array",
                                        "items": {
                                            "type": "string"
                                        }
                                    }
                                }
                            },
                            "capacity": {
                                "type": "object",
                                "properties": {
                                    "amount": {
                                        "type": "number"
                                    },
                                    "unit": {
                                        "type": "string"
                                    }
                                }
                            },
                            "equipment": {
                                "type": "object",
                                "properties": {
                                    "min": {
                                        "type": "number"
                                    },
                                    "max": {
                                        "type": "number"
                                    }
                                }
                            },
                            "equipment_lcoh": {
                                "type": "object",
                                "properties": {
                                    "min": {
                                        "type": "number"
                                    },
                                    "max": {
                                        "type": "number"
                                    }
                                }
                            },
                            "installation": {
                                "type": "object",
                                "properties": {
                                    "min": {
                                        "type": "number"
                                    },
                                    "max": {
                                        "type": "number"
                                    }
                                }
                            },
                            "installation_lcoh": {
                                "type": "object",
                                "properties": {
                                    "min": {
                                        "type": "number"
                                    },
                                    "max": {
                                        "type": "number"
                                    }
                                }
                            },
                            "maintenance": {
                                "type": "object",
                                "properties": {
                                    "min": {
                                        "type": "number"
                                    },
                                    "max": {
                                        "type": "number"
                                    }
                                }
                            },
                            "maintenance_lcoh": {
                                "type": "object",
                                "properties": {
                                    "min": {
                                        "type": "number"
                                    },
                                    "max": {
                                        "type": "number"
                                    }
                                }
                            },
                            "energy": {
                                "type": "object",
                                "properties": {
                                    "min": {
                                        "type": "number"
                                    },
                                    "max": {
                                        "type": "number"
                                    }
                                }
                            },
                            "energy_lcoh": {
                                "type": "object",
                                "properties": {
                                    "min": {
                                        "type": "number"
                                    },
                                    "max": {
                                        "type": "number"
                                    }
                                }
                            },
                            "sum_capex": {
                                "type": "object",
                                "properties": {
                                    "min": {
                                        "type": "number"
                                    },
                                    "max": {
                                        "type": "number"
                                    }
                                }
                            },
                            "sum_opex": {
                                "type": "object",
                                "properties": {
                                    "min": {
                                        "type": "number"
                                    },
                                    "max": {
                                        "type": "number"
                                    }
                                }
                            },
                            "sum_lcoh": {
                                "type": "object",
                                "properties": {
                                    "min": {
                                        "type": "number"
                                    },
                                    "max": {
                                        "type": "number"
                                    }
                                }
                            }
                        }
                    }
                }
            }
        }
    }
}